{"cameraMode":{"drawMode":0,"name":"Shaded","section":"Shading Mode"},"sceneLighting":false,"audioPlay":false,"sceneViewState":{"showFog":false,"showMaterialUpdate":false,"showSkybox":false,"showFlares":false,"showImageEffects":false,"showParticleSystems":false},"in2DMode":false,"pivot":{"x":4.04464054107666,"y":0.1537322998046875,"z":93.1172103881836},"rotation":{"x":-0.2745421528816223,"y":0.23134320974349976,"z":-0.06823287904262543,"w":-0.9308351874351502},"size":10.198644638061524,"orthographic":false}